ID,RH
0,-91.87026768876645
1,74.4712202605428
2,11.326651000952637
3,-27.16729561231554
4,-154.9574185042686
5,-154.9643819789383
6,-183.23126116704083
7,50.06505328522377
8,-26.458096109735635
9,4.420553209718321
10,-194.05725649680184
11,80.01297431916777
12,40.32619039908175
13,-138.69769874718168
14,-147.50713196731004
15,-147.05111800531367
16,-112.16526445758146
17,-48.50281818777293
18,-75.29747311802119
19,-115.92214722482531
20,-23.358069293649066
21,-159.72812242975553
22,-115.65783996788252
23,-94.2313358411112
24,-68.33259555654172
25,26.680300054163013
26,-142.35417909088153
27,-51.54051762999035
28,-28.969913969528335
29,-186.58976584773666
30,-24.601801256054756
31,-150.76968549147892
32,-181.2196051051498
33,73.94325460503728
34,78.7779679486253
35,33.384314401222326
36,-112.0580048396479
37,-171.80206068635698
38,-2.461925245940307
39,-72.92797505737711
40,-164.76756160031235
41,-57.042426050876315
42,-190.07203395403644
43,62.5208000801444
44,-125.29021931207512
45,-8.72981650700541
46,-110.00901233298706
47,-49.856362285966014
48,-42.16474235359516
49,-146.63251868978034
50,79.91908203562804
51,23.78084610435377
52,71.2333444295814
53,58.33665606846222
54,-27.38627611723973
55,66.1450916511738
56,-174.45221465761085
57,-143.41974761959278
58,-186.94288169152767
59,-106.07713350864559
60,-87.78886646664655
61,-121.66153452687625
62,39.25651889216198
63,-97.00531458356078
64,-118.89420705325318
65,-43.323640792213666
66,-159.31517624978602
67,31.594268343691255
68,-178.47722916965017
69,84.91425859656931
70,22.947064895944976
71,-142.63078274108443
72,-198.405764786416
73,35.423714394910604
74,4.0697151688070505
75,10.464369413433019
76,22.66574908823253
77,-178.6233090443681
78,-96.5109441692685
79,-166.54860251509507
80,49.177959050283846
81,-20.053830784884042
82,-104.46974022504018
83,-181.65070427242497
84,-110.21940372068832
85,-106.11957493087813
86,10.63730368619909
87,-15.937158019749972
88,56.13831878178547
89,-63.67155110574524
90,-165.4731411976123
91,5.9137700712786625
92,19.638643535698293
93,-37.959273061686446
94,22.57822485288176
95,-57.44121132960041
96,-49.08703215741832
97,-76.56890799988673
98,-192.6614981089797
99,-168.85174502703302
100,-190.92639409223983
101,-16.26831426814661
102,-109.24542826326449
103,-53.17564146075031
104,62.01444102246302
105,-128.0293334447198
106,-81.5224501196137
107,18.127613697378138
108,-133.9459696225686
109,-177.77590003242747
110,-116.34875554379518
111,-153.45541436976893
112,68.40371223130086
113,33.30435358024715
114,-17.13633549544076
115,51.590672387194104
116,32.02012860077434
117,-146.13722399960145
118,57.68178286405657
119,-44.291894758951656
120,33.10797279586484
121,58.70155828791246
122,-108.1923967756229
123,-168.22800938885973
124,-134.19511857414142
125,-76.69398142359981
126,36.160862921823764
127,48.49291938610634
128,-197.99291991564525
129,-52.54725374585678
130,-79.4934433909475
131,-135.87747511710018
132,-165.39486845076578
133,-102.53050001577262
134,72.2180315195443
135,-106.69131352560797
136,-50.22514750269022
137,2.9615734330378416
138,-95.02013379309783
139,80.55348728154132
140,77.85853404978752
141,-127.31045119521737
142,-56.444356348868325
143,-113.1364319558986
144,-117.76654927322511
145,-189.3507382987464
146,-24.018776780003776
147,-54.87656599382768
148,-185.13808451412808
149,-119.55476577489029
150,62.21636127857289
151,-130.83848216444505
152,-158.1688504272639
153,-58.69498810786757
154,84.55728610173043
155,-130.11864311462983
156,-5.954467463922867
157,19.879582945400756
158,-131.39404104939422
159,10.23605984424384
160,-93.8210095839516
161,-17.4533067076336
162,-17.099972503329695
163,-45.32184870761722
164,-173.93334338529232
165,41.151830476612986
166,-107.39079524265986
167,-146.15210604756209
168,-188.22821663313965
169,-29.409207301554602
170,-4.387168736133077
171,-195.21109378852793
172,-52.158734068997575
173,-134.61066970035532
174,-13.738615408791844
175,-149.660411946259
176,-0.5262750098180788
177,-88.34950552303485
178,70.43394774829522
179,-160.29770342505174
180,-101.53414445179037
181,-167.24019441784193
182,66.95904759702108
183,53.2878713210892
184,-125.53225207863458
185,-9.462605909932506
186,35.93204919809099
187,-39.71352569123522
188,-47.089878028620944
189,-130.1772436170396
190,-173.1212309344369
191,59.0261893211254
192,59.95069310305348
193,-17.223609285207544
194,-102.12209932424011
195,-99.1831958093248
196,9.583404489838102
197,58.99573204830898
198,56.10185068533934
199,25.150070089096005
200,-14.64546375525714
201,-175.7087921059294
202,-153.337790240885
203,59.412594227767784
204,-24.923930476276382
205,-197.34481119827902
206,-170.70516557457654
207,-8.447039258504304
208,-198.53872074359666
209,-153.57471555576814
210,-41.5805550098666
211,-0.24985642611946446
212,-11.778784381599223
213,-135.2534503587364
214,5.606141203033587
215,-131.50618843967382
216,-106.05710714141941
217,15.512068657573565
218,-12.45098204506914
219,45.17079860966916
220,-10.147157992890868
221,-35.929306217049344
222,-172.9560945280297
223,-93.84044765674155
224,-123.43607645028587
225,-129.56018995645857
226,80.90814715703101
227,-86.51268688870627
228,57.5338404796326
229,-17.790278674590212
230,29.462023332473876
231,-54.88867122053105
232,-33.44784850837013
233,-57.810141794494
234,-143.63334942270455
235,8.571925675996567
236,-118.94101896332494
237,-192.97998049123927
238,-13.652148171600658
239,-148.868146855185
240,71.51039330268634
241,75.39918018064697
242,64.12134945664349
243,-93.13518323625321
244,-195.53767480811598
245,68.00556901907629
246,-76.38323638079136
247,79.07324625790739
248,78.19708738566726
249,46.26382979342685
250,-114.99260485951062
251,-88.82228575262418
252,45.72315706691657
253,-108.50461711138264
254,-151.0674440317251
255,-39.25147552827431
256,70.26788330021748
257,0.9438023000647036
258,-35.42334019520035
259,-171.94514624837913
260,-22.447413651949716
261,85.82854652510082
262,-159.5577448012155
263,-50.35822936258921
264,53.29760586560073
265,13.859899945638801
266,1.228444425333862
267,2.8071550470784246
268,-96.21490464285668
269,-115.24003456084077
270,33.66256558664688
271,33.87973704387949
272,50.323778374075914
273,63.65254752305327
274,-52.37544944884726
275,-55.21224572380547
276,30.467818167707975
277,-12.355413184459195
278,2.65783746429895
279,29.74534366620236
280,56.94454218273137
281,-102.42079821696161
282,-91.56920157284817
283,-172.86741396794113
284,-33.05052329440457
285,-189.62346555488057
286,-65.58185216515875
287,-43.33849395992263
288,-117.2755405105643
289,-29.42643767372661
290,-191.19457784259643
291,-189.2175779081018
292,37.48478186244333
293,-96.01296182456841
294,-163.31762999740087
295,-49.22837082217799
296,22.29713877956894
297,-137.69246936166138
298,-20.171519631054622
299,-175.36018685629918
300,-185.07948709862296
301,-46.59791786627568
302,-43.918640391162256
303,-15.97398743746777
304,9.622568045732379
305,81.72849534083372
306,-50.94408944544492
307,-106.7624662618623
308,29.57025442972474
309,-121.81072906063918
310,-73.26895084228286
311,-177.34964270648783
312,-192.68124037595743
313,77.91659731751696
314,41.3474607918738
315,0.927753299250611
316,-81.9352849476003
317,-149.96992979554682
318,-154.83662578085745
319,-127.75487529988133
320,-41.43826189934302
321,6.303842883507997
322,-9.401017341591
323,-119.18308395170631
324,75.66960652746411
325,13.03083985006836
326,-39.95798503995863
327,-23.396220562142503
328,-78.86146197709705
329,-128.48006333101586
330,-97.23068767338079
331,18.79017209106337
332,-195.8445998325895
333,-166.4898286856533
334,-186.71903724831998
335,-188.24159477051333
336,46.971470603977764
337,3.146024003012826
338,-63.10601554248922
339,-171.75527782005588
340,-58.07049685377049
341,-63.308699775650695
342,-149.99662015697862
343,-74.74702886499719
344,-84.9516831794783
345,-22.204076692325117
346,-16.64846299451125
347,-186.92073237881075
348,-91.84933815733777
349,-19.314242333299973
350,-54.74456214792869
351,47.26861715106864
352,-9.835148551610587
353,-152.96083090159124
354,-179.6268026254959
355,-14.533554381836694
356,-192.3461846466338
357,-30.886589686351158
358,71.44447069938525
359,-33.86060484723376
360,-87.93534230417713
361,-14.282691335692647
362,-67.70239051509915
363,-42.48043292448958
364,71.8008902937828
365,-88.53216846691647
366,77.49571577596402
367,61.374730332715615
368,-143.47509938633013
369,-179.97539243733974
370,-170.90539100233693
371,-194.7393589343976
372,-172.73431722976346
373,-2.815944514697776
374,-179.4478371895319
375,-107.91173553419111
376,43.91550227688151
377,-193.28139215306706
378,35.13705092342576
379,-118.62852652291944
380,-165.88581426562786
381,1.148019640630281
382,-18.424200134647492
383,53.32617030526018
384,12.215010346181828
385,31.96494460210579
386,-118.57661889866382
387,-148.773203710794
388,16.702478798715788
389,32.93318922645912
390,85.95883449559437
391,-80.87727667567118
392,-92.5983786316235
393,24.150421766214492
394,-101.61001792895375
395,68.70963990174914
396,47.823761457077495
397,-76.14942429683221
398,16.77647727140527
399,17.83652774824779
400,-170.22813906706625
401,60.56702415839089
402,-54.133640074303656
403,38.598270465305006
404,-107.60168018246239
405,58.537556066853085
406,-87.63747534944712
407,-196.87117001763787
408,61.38377659224142
409,-173.64553641184324
410,-107.81415282764723
411,74.28288988756736
412,74.44028332087242
413,-34.44848169880731
414,-17.58859684657895
415,-70.53377780485908
416,-115.35005021076877
417,-105.11454575170526
418,-5.843921730559003
419,17.210526648658202
420,28.52886992365245
421,27.9627578247877
422,-173.66879804984308
423,-57.26085803236472
424,-183.3827859831948
425,-41.35101167313755
426,-72.53014425350607
427,56.28019756232112
428,-98.69083587621489
429,-166.2027523573502
430,-158.7183013913463
431,19.848119376834234
432,-21.52044512059544
433,-170.80588340335046
434,-175.71836507460023
435,2.369788252247929
436,-178.99332006265732
437,37.270999117125825
438,3.892130980080452
439,-176.51460702868354
440,-175.5073519436051
441,84.84284631328933
442,-91.94802126520807
443,-92.9956121417886
444,34.655235067240994
445,73.47066429071998
446,84.65850712566282
447,17.50028208425644
448,-91.37385765722462
449,-175.89334308909434
450,24.362314628251
451,-38.78869310127308
452,-77.52710593039795
453,61.664510976850295
454,-167.8972868582141
455,-57.779132391228956
456,-196.72220275564612
457,-64.69767265629577
458,-183.74524431065356
459,-165.69726757340763
460,-166.07017255544983
461,-12.572985779092448
462,15.383156643927691
463,-31.581437516450023
464,77.77921474460027
465,-91.77486369150664
466,-117.5149206904268
467,50.764568308297186
468,-135.44788141943403
469,78.0823471365045
470,-196.49100315705002
471,80.00401727049535
472,-187.53973341986867
473,57.27301692463311
474,-47.65268980678525
475,86.66893663964197
476,-178.69493176089034
477,-40.102268093338694
478,79.83764203323386
479,-48.98165238807803
480,-18.29261317034971
481,0.862646509858962
482,-68.77399460154388
483,-18.8239822797309
484,-31.308458147800962
485,60.164317628748506
486,-186.8796299954211
487,-118.88592716472311
488,74.38379545290252
489,57.01915440930753
490,-68.45189547076467
491,-20.967719014696343
492,-119.920052473347
493,-145.6894211877501
494,-66.13027049382717
495,-97.98721176887855
496,-31.498480508653245
497,-177.55801030820888
498,81.30778097322224
499,84.71904193126136
500,1.559286837500423
501,-45.22897903645244
502,-110.63937717813718
503,34.942622189396076
504,-2.318110483695051
505,-153.0524896111299
506,62.98467816337234
507,37.46650203191888
508,74.20723496737844
509,9.515222071719506
510,-22.90703293333746
511,-79.25323542289834
512,69.2787131443036
513,50.03264489876787
514,-186.9453699403431
515,-192.38785446264336
516,-91.31502598230709
517,34.006746596715146
518,85.02661853322445
519,-156.5746435384114
520,-28.474462477838586
521,-90.0368096906241
522,80.01428664907593
523,43.11973310927908
524,42.025497050105486
525,-64.68828476719207
526,-80.24160967511607
527,-121.0673783336051
528,-183.72439411687733
529,49.645350024833846
530,34.68452133585339
531,88.61849227770591
532,87.72905486323646
533,-39.64686659252146
534,22.006666762613378
535,72.75386621705695
536,45.29320168856867
537,-128.59060302673885
538,-69.927908135976
539,-162.7116768457634
540,75.43453156959316
541,-24.997383034030946
542,-133.9908220511503
543,-6.080012412029163
544,-21.546376979805473
545,-96.59842330391895
546,-167.2159231319671
547,-6.1168184323587695
548,-49.787166749074885
549,22.96831969407907
550,-49.82879722896752
551,46.02479914196252
552,-40.66449564580603
553,-38.05720761773398
554,53.089895087464186
555,-83.51449652448098
556,-161.30980354630003
557,-191.69044134833905
558,18.008125712973793
559,-20.916632524254766
560,3.2678290502458367
561,-138.51724657237747
562,-160.62955499809956
563,-195.80095502168248
564,-98.78537177253546
565,-29.690763805067434
566,-86.75914417970728
567,-73.70099001174943
568,61.03061510034513
569,-99.4586466703732
570,-51.611234479562626
571,26.240624778367987
572,-85.51809874384931
573,-20.403569644212922
574,48.964402715185315
575,74.12660404996126
576,-157.53988605578675
577,67.5058473841234
578,-57.92602618793734
579,-125.44484509809072
580,-67.44750717401396
581,82.93540448491723
582,-57.781156264258556
583,-105.08941010999638
584,-17.137173358761288
585,-130.66995985873567
586,-178.09825717502872
587,-162.79242428439557
588,-163.0331662928911
589,-156.1456923830006
590,-159.9205952561153
591,-14.97946117531194
592,-147.4912196339669
593,-100.2058553044007
594,58.90281393986561
595,-63.16727445610877
596,-7.276080888979465
597,-150.25125318408948
598,-144.48616026993676
599,-188.20123048386756
600,-151.2284472910661
601,-119.57096912147355
602,-148.8970731893032
603,-174.39157850433804
604,-165.17242401325655
605,-66.97316966895207
606,-140.4314554962477
607,-94.83529111542062
608,-54.66343390420283
609,-0.6830129747022511
610,-188.65058522787473
611,30.789782165040606
612,-18.725157553974924
613,-176.3961674763607
614,52.20214877962658
615,65.85586203353444
616,-182.36679298990083
617,-120.0654229799023
618,32.7503094762568
619,16.02257261376215
620,-146.72878171181387
621,-139.56085035269174
622,-93.04470392412803
623,-60.118214175352136
624,-21.50984745920357
625,-93.49463225620671
626,-66.46622745236022
627,15.79485983921549
628,-189.4095593254844
629,-127.12145416788121
630,5.944025444870277
631,58.44621404029442
632,-52.278722461207195
633,-46.37883680390337
634,-169.05944032620664
635,-70.83204969806866
636,-46.23339517443483
637,-129.99876560065354
638,-122.26947922491372
639,-91.07806211169544
640,-194.2054452015704
641,-107.01574489613644
642,-138.95496038009756
643,-105.45151442623605
644,-165.42467254378218
645,57.09522594960765
646,-28.629858658946148
647,-3.9431604629858725
648,27.833736585938567
649,-56.09973716918117
650,-174.90611282916078
651,-44.93734137698527
652,-30.5789692273722
653,15.208376197016065
654,-75.37988900349157
655,-163.16756658292076
656,-118.07389599590825
657,-95.17814102971406
658,-13.523692427566743
659,-35.21630344208515
660,-97.1948752332918
661,84.80695232653324
662,-25.11280965166668
663,-131.5126252258184
664,-170.61540015448944
665,-155.86956651748335
666,-128.9920038153925
667,-153.61128753996627
668,-146.13810015638802
669,-117.69302479808634
670,-149.94704303840427
671,58.89617808964891
672,-176.8365176274839
673,-48.57356183106748
674,-81.51843604808472
675,83.61270670151464
676,-167.65436894408327
677,-85.1390885554944
678,79.88611408659898
679,49.8719072455921
680,35.8887068830571
681,-125.54345383212588
682,-150.664753520488
683,-6.962702407816778
684,68.31084806113398
685,-39.26255278687847
686,-34.97541655003991
687,-119.17003566027596
688,22.152609812512168
689,-146.000469791443
690,-106.55380445009486
691,-77.17650017144048
692,-53.45288367379783
693,-130.01631025176636
694,-166.84660869779194
695,-23.713993747100687
696,-116.67235927953816
697,-32.19652547529185
698,-155.4354841003378
699,-61.09485259451421
700,-46.24143082235716
701,-185.03854491936536
702,-102.82234488541513
703,-161.19448276771814
704,-181.70364602451195
705,85.8015190909772
706,-106.93644495579748
707,33.81075251823307
708,-126.48524296970137
709,-3.250164093951639
710,19.477783150152504
711,-28.039095586515373
712,-63.85595436556929
713,-81.10152808568358
714,-99.28173144903727
715,68.35506394434731
716,39.799823028317405
717,78.60326910942217
718,-164.11539157972322
719,11.001440091292096
720,70.8988898842336
721,-147.6780137979739
722,-180.80252761121133
723,13.961531450040042
724,-34.14961222495944
725,43.03596785011314
726,-159.64771486799023
727,29.5936729339503
728,-141.79019270221616
729,-152.75252929467112
730,-152.57646413732235
731,35.1677217308
732,-7.957562385007037
733,-48.991011869155244
734,-96.40563923354483
735,53.247796132744355
736,-86.70109748708516
737,35.7522581754443
738,-73.22175189577794
739,-91.1761432250292
740,-66.42434587718463
741,-112.99220772881219
742,15.83482805688368
743,-54.86462338030128
744,-132.96019491111383
745,59.70717930436791
746,-89.17060438955387
747,-43.0762889963915
748,61.69849843546467
749,-19.78249057963049
750,-166.2515356474953
751,71.32953408721028
752,-18.780685078281664
753,-103.31274904849924
754,-159.7921526220801
755,29.235072142334445
756,-20.984995363438145
757,-45.98978274643599
758,58.06678872681147
759,27.66801488052201
760,-156.21146222115473
761,-110.00583902742522
762,-128.26118533556374
763,14.77729466573183
764,-190.3191860917805
765,-35.47284797765093
766,20.12182257333734
767,53.12223933311705
768,-101.24099914571752
769,37.09698385881009
770,-168.06061754103166
771,44.370776623755404
772,-163.19402318475667
773,-85.30315921522197
774,30.17917210055711
775,-156.718838724409
776,-133.8151221963364
777,8.51431649507822
778,7.874548100851655
779,-14.900678386014675
780,0.34291591765176577
781,-43.31545320554898
782,-127.30561169356274
783,-100.19756667541846
784,-147.5727391594284
785,62.2696770570185
786,-31.574788851021026
787,-84.27419598033717
788,-66.6189244879389
789,73.48070014593105
790,-155.72744992038764
791,-30.755447496750634
792,-53.949938406054684
793,-23.47316223001718
794,-194.77158993092334
795,51.782172512176516
796,69.10254815301892
797,-36.84604989779538
798,1.1230928532587825
799,66.32557134588524
800,4.179793726278177
801,-155.96197831065274
802,-33.62555041984103
803,-24.8413661092695
804,-77.55347519500116
805,12.611450824857485
806,69.7517571638146
807,67.2116296761863
808,-69.84267347562707
809,-167.30817616577394
810,84.32365414042596
811,42.189877556941155
812,-164.00988393661686
813,65.84705151163536
814,51.13907972733642
815,-50.21145290770298
816,-29.298781700438923
817,-84.80791939269339
818,-184.19031487207957
819,-103.2285563368284
820,31.783790610245887
821,-198.66273495857115
822,-103.71878913276667
823,-85.04869816029468
824,-44.85388943182167
825,65.56231645836397
826,-100.00991142654699
827,-99.83461061255908
828,12.916610329284339
829,-69.44468046511267
830,-135.15658761722722
831,-69.38071169249142
832,-159.3345782163518
833,-149.07707699565333
834,-56.1212240101122
835,-79.05622272803703
836,64.11601163836048
837,-95.37688132502802
838,-32.38414327472887
839,-17.465300077631582
840,-196.21963038294808
841,-8.436760698775657
842,-148.60101636470276
843,77.46100065343171
844,-157.0810704976763
845,-80.29801548000826
846,-175.35955082569552
847,87.797596507925
848,-55.01630051737027
849,-28.112345499703366
850,-180.63502097796098
851,16.513587804242633
852,-139.4002552733044
853,59.26827336153406
854,-140.77618579284453
855,-144.94845504439945
856,-189.44811089225502
857,-63.71427294674322
858,-36.930364827082656
859,-181.02991579703468
860,23.894822939849547
861,-69.13551340824444
862,-48.60852924512764
863,-72.75179495893354
864,-84.29970432529339
865,-38.431836351317514
866,-155.1821409998033
867,-147.47734872601524
868,48.797508786602435
869,73.14353391797977
870,-92.22560039003532
871,-121.83601286345603
872,-14.077331866896145
873,-81.99844480397958
874,-192.67095912085844
875,-154.91874514038085
876,6.7011824682436725
877,-9.768657970539323
878,-192.1773869642443
879,-135.9166368499575
880,-133.2887062250238
881,-6.024564923047109
882,-194.30956775031507
883,-169.94385238105355
884,30.935773847239773
885,-148.4541560649139
886,-11.552198663163779
887,-131.23663111181006
888,-171.29126991037705
889,-129.7961884584576
890,8.518463226728784
891,47.03957034228469
892,39.68447490049047
893,-85.3331149991521
894,-7.123821072054454
895,-140.82103391345248
896,-115.36825027364547
897,58.77215080704724
898,-196.2463446824505
899,-175.31368714231508
900,-139.98323813934192
901,-192.34015274162826
902,-147.6195898895755
903,-31.675901348049877
904,-78.33473224394585
905,57.71432298792263
906,35.995956273887884
907,-101.31733056482321
908,-125.10445476838586
909,-90.38280176211005
910,-29.581850095975
911,-122.61002689443562
912,-19.808210303955008
913,-81.80285601238889
914,-40.62397888803332
915,-74.09027103863407
916,-114.98773522024837
917,73.81846971997464
918,20.452992773922944
919,-159.54932615622516
920,50.72670464172742
921,-59.27861306536542
922,58.25722790432417
923,30.918212391989897
924,-77.24086125973231
925,-193.5131106879821
926,-122.43284634556608
927,-43.63020222740772
928,-17.114837936191293
929,-125.5478252154345
930,-159.7679014151757
931,41.04435936395765
932,84.19690956911546
933,-48.23324436921462
934,-150.4361901755948
935,-121.38487483385819
936,-194.69061168074634
937,63.95806545401604
938,-166.00526236961625
939,-33.559693519034994
940,-120.88025778760363
941,-40.00881067369045
942,-11.934933882816807
943,39.54645873026911
944,-140.40617884271387
945,-196.8255042662967
946,-160.48111859913536
947,59.83538190154792
948,52.29206539229813
949,-27.526837403432012
950,-26.630782392804264
951,-8.003912058496041
952,-149.3703118614101
953,63.990728788535876
954,-79.1009494636585
955,-89.38790689437009
956,-50.1884584848448
957,-186.4409253920416
958,-151.99399144011988
959,13.07030506229313
960,-176.096024570016
961,-25.869985997053732
962,-129.16771203500264
963,-87.61035622608138
964,-116.65411819429895
965,-97.31728675656919
966,7.588552826691654
967,-114.22096069958937
968,-36.478980346285795
969,-62.56424888511992
970,-8.39813455980348
971,70.46274574305761
972,11.493564464599245
973,-137.94671270084854
974,-190.99742890780712
975,-124.2843704106405
976,-28.20100140683644
977,-185.15336764709693
978,-56.69906443300306
979,-27.691469517694088
980,-103.50378872114341
981,22.56235322141879
982,-169.22508432028008
983,-178.307722412872
984,10.228093915980281
985,-56.9516570112705
986,-1.2582281513126077
987,-74.46534734509846
988,-128.86373300386987
989,36.474839112541446
990,30.791364258344288
991,0.5588711356730016
992,-121.43169888170978
993,-29.600406474894555
994,-95.78683595341427
995,-173.56025543060073
996,64.8284292359495
997,-160.50046125369585
998,74.33352404806567
999,-71.23813334703817
1000,-146.55212344429052
1001,-43.55319649186802
1002,52.01946281751907
1003,11.393324706440296
1004,32.854203387600535
1005,-9.809242030615906
1006,-0.13975582369599238
1007,45.16278460690768
1008,-127.92084584235302
1009,-58.70301299622534
1010,-136.13683414668083
1011,85.13975390863197
1012,72.54993136752523
1013,-188.61747955791236
1014,3.6995523052792407
1015,67.11918923790273
1016,-147.8678978617388
1017,-36.03421193945587
1018,64.30147151366765
1019,-190.19979598227988
1020,1.3452311541626898
1021,-114.1553415715446
1022,66.87318160520431
1023,80.34451537924167
1024,72.60973540704833
1025,-63.094355650990224
1026,48.871713340614775
1027,43.82141135707482
1028,-107.8756933746721
1029,39.30789738730053
1030,-189.3158958576373
1031,-27.856886082231284
1032,-133.59644867504014
1033,-165.1923400760996
1034,-177.78361068964733
1035,1.0185695960189491
1036,-101.87809796015931
1037,9.240166940353419
1038,-181.13162441134534
1039,-108.9756794683028
1040,-44.24886389124015
1041,28.281777689008777
1042,-107.97615240351142
1043,-19.305159622635472
1044,55.78177591578722
1045,-22.200297571768687
1046,-132.7445996386259
1047,-192.95549436462747
1048,51.19754489519843
1049,-193.85952108749322
1050,52.52637290392835
1051,-47.295849406343905
1052,71.1088445606731
1053,30.6087201678572
1054,88.10357771097449
1055,-98.74949887909128
1056,21.48725901441634
1057,-83.9625452410118
1058,-61.459908418261534
1059,-18.83917276885657
1060,52.23058286559598
1061,84.10489755783647
1062,21.800534582686396
1063,-79.39072998829074
1064,-78.35423344260984
1065,12.940010468712956
1066,-131.06503801669112
1067,-168.10612353896636
1068,-97.62058308910783
1069,-117.0741031094666
1070,-114.45584562435566
1071,-132.557442271891
1072,-187.84769615198232
1073,-194.83979504246344
1074,85.15545391679228
1075,-76.50189629045654
1076,-89.04489696499991
1077,-3.7858294865107496
1078,-136.99010257335598
1079,74.25379380643005
1080,27.01780566176987
1081,-174.1870436324507
1082,-79.44443003089118
1083,53.80145539319693
1084,72.74413483553013
1085,-65.06118370216262
1086,-22.908131934868692
1087,-151.77729976321788
1088,86.15038236574509
1089,-133.11637981059988
1090,72.16666319281074
1091,-12.447012435903247
1092,-24.546387318473393
1093,-51.986826869533985
1094,-133.40562535708307
1095,-149.03635716000977
1096,-136.3456314414404
1097,-146.17527371895372
1098,25.066037518721686
1099,-98.91883767856503
1100,-183.30081927614748
1101,79.77992932165222
1102,55.14898498894098
1103,67.84208415845796
1104,87.22988839802588
1105,-149.796441550334
1106,-85.60492914280242
1107,18.90344793577114
1108,0.9411524321297975
1109,-155.57025183968386
1110,35.53102318479134
1111,-135.20400691075605
1112,-135.38385460070873
1113,-44.975484110671516
1114,-28.818240811200297
1115,-32.52911179722392
1116,-173.58775004326816
1117,53.32295104139081
1118,-123.32126770464056
1119,-162.60904222565443
1120,56.58157065817369
1121,75.8965875389298
1122,48.896243104535586
1123,33.70729077307229
1124,-10.831640189514445
1125,-40.967477105141484
1126,-174.8869224135759
1127,-82.07955738648928
1128,-92.40482513854496
1129,-125.00908262839383
1130,8.851386821894465
1131,-56.840675282758866
1132,-176.60195746746206
1133,-136.43310959708947
1134,-2.743194931474676
1135,-178.02102086515035
1136,45.74343608587952
1137,-57.05119765106562
1138,-61.25465512579672
1139,-28.971872568797266
1140,38.08539486259056
1141,-99.58748167863688
1142,-4.2567367561983644
1143,-36.67318199441513
1144,-122.90893840208807
1145,53.66047706073411
1146,30.216892437920137
1147,-9.904955334112572
1148,45.562945189507616
1149,50.387835817094924
1150,4.504391377630526
1151,41.645747898592106
1152,1.360010983922166
1153,-3.6433591928012845
1154,-21.40689510927629
1155,17.30929384029102
1156,-154.21070610188963
1157,54.30738818073064
1158,51.701226460048474
1159,-191.55630938792277
1160,38.413295888046974
1161,-162.79526926041638
1162,-103.25118677538573
1163,14.650833591387169
1164,-153.58861801085342
1165,36.147079863173246
1166,40.23713717640007
1167,-53.4940652632466
1168,-198.15639883535013
1169,-117.13209095240268
1170,-21.893198664923233
1171,83.26844959651714
1172,-17.595434750287836
1173,-124.99470614677708
1174,-16.96255351514222
1175,-44.10622087603252
1176,25.141365580135158
1177,-169.1146895706571
1178,19.70875545233548
1179,-43.73633873620696
1180,78.01579151409175
1181,-101.30150566463134
1182,-17.362059452229175
1183,69.07651406074206
1184,-170.4054415290909
1185,70.57786426516344
1186,-1.407391971755203
1187,-180.41544103633686
1188,-113.11181822245415
1189,4.449281991892775
1190,-180.5558813559656
1191,-31.927388147109923
1192,-100.1435614576814
1193,-20.741690020529376
1194,-186.79427483832754
1195,51.61267593619101
1196,81.04626540151446
1197,79.7150368209791
1198,16.424483824182346
1199,-162.44410247428655
1200,18.910584664708807
1201,-192.90175721834402
1202,-193.6129306735785
1203,-106.57372973152745
1204,-58.928710930173
1205,22.416621521109903
1206,-2.732624773701957
1207,-71.26788866903277
1208,-121.00398144448306
1209,87.86984319553119
1210,-76.96145804447461
1211,-69.68456607602269
1212,-152.7618028219651
1213,29.461516724104598
1214,0.2660585831157505
1215,-136.2638127878849
1216,-176.2165921307062
1217,-3.5398514910303334
1218,-11.042612437036269
1219,-121.10997455561697
1220,74.51431042169344
1221,-156.3895866428541
1222,-75.18494293900083
1223,72.42191615238579
1224,-78.8247236034285
1225,-15.657558909378508
1226,-85.21449730814129
1227,-120.83407108193897
1228,84.0743469660024
1229,-81.82527237684708
1230,58.1264401021661
1231,-133.61210527924342
1232,-138.47667194795844
1233,-191.01159027124157
1234,-11.863787513982004
1235,-93.60644456695016
1236,49.5402267287032
1237,-63.38429993814745
1238,79.51744263898013
1239,-146.43878361650894
1240,50.771508588784826
1241,24.203511400975827
1242,22.565136548737797
1243,43.888917957345456
1244,19.707626185243782
1245,-19.21019314501038
1246,-162.1096038130947
1247,-190.60969198087557
1248,65.84877366438877
1249,-21.973054197862922
1250,29.960315904822096
1251,-60.9844971183268
1252,-166.1331258465567
1253,-163.85886179112367
1254,-2.0773015769959784
1255,-75.77068814252513
1256,-142.1085114016128
1257,-58.076654355747166
1258,-181.4628798664088
1259,-31.98485626731309
1260,-122.3416041395873
1261,30.255312353956214
1262,-110.39850245876426
1263,-68.57794296008399
1264,-196.64515012853136
1265,-179.08458349371085
1266,-86.6871102653901
1267,-61.44165841716645
1268,-26.774067757957027
1269,-115.79701352662416
1270,0.6412705247328176
1271,48.31733606852336
1272,25.142980493510066
1273,-188.5620451219293
1274,-61.277644326664785
1275,-169.7066574906729
1276,-130.12160392048833
1277,84.84949067622517
1278,-158.86153676433312
1279,-55.97099009859352
1280,-21.53843950235901
1281,2.801636996082806
1282,-38.42942507732789
1283,-197.17915635008168
1284,-105.75062030995954
1285,-50.53664855483382
1286,-174.6329416968866
1287,-98.77400495990952
1288,-190.41426249193248
1289,-177.3143878713455
1290,-85.40825016059922
1291,-161.68496180776847
1292,-36.15095710688817
1293,-0.9514634100713977
1294,31.129380032792227
1295,-142.21662448652333
1296,-151.64777850180656
1297,-169.81126449545866
1298,-16.262586956752102
1299,3.959542236768357
1300,-190.88107998883714
1301,70.28447549055323
1302,-184.9958904098199
1303,-43.72774799858095
1304,4.705771965479556
1305,51.44878602549491
1306,6.15689730663189
1307,31.45889758224888
1308,-102.0007294128919
1309,35.24001033861808
1310,-176.8708438487443
1311,58.333568604674326
1312,-41.910081004416355
1313,35.95386618817193
1314,-69.41571125956676
1315,-14.199119396763251
1316,-48.02755178774413
1317,11.209894930764307
1318,-176.4334241877688
1319,-182.57635335192424
1320,-128.6612963412707
1321,-153.93945085132253
1322,51.683915675168606
1323,-136.7129218497326
1324,81.73229935498318
1325,-102.73818491568146
1326,-147.42255774067252
1327,27.985959012033703
1328,-9.831065212897073
1329,-56.17089665997878
1330,-39.666542844305866
1331,7.633553387202568
1332,-134.04511617765405
1333,87.64160156558137
1334,81.42278591177626
1335,-12.250974351639343
1336,-142.3920944167558
1337,-3.618106410086199
1338,-179.15631932771194
1339,-191.1506226131838
1340,-125.60695008681262
1341,-66.44075238935937
1342,50.67027231139946
1343,9.933710441533123
1344,14.419372670434512
1345,-77.16007434484065
1346,-100.12856765169181
1347,-92.88110912634521
1348,85.13442905059986
1349,-188.42047643921632
1350,50.3119929305509
1351,-32.93640954515004
1352,-73.37172847996524
1353,9.38188656184991
1354,-59.49867661068831
1355,52.157288834175404
1356,60.03262814005035
1357,-78.24916841163342
1358,-120.07981493824062
1359,-28.988460135096318
1360,63.399297879538665
1361,-139.18182603406404
1362,-20.149547325222528
1363,-17.668564459289314
1364,11.649729571291601
1365,-162.0164093037601
1366,6.658667303718971
1367,62.437688716170555
1368,-148.12548646916116
1369,-131.42124209447653
1370,80.44176364982133
1371,-147.7519537527703
1372,46.66097645579748
1373,-57.87938284345236
1374,-128.6243888198028
1375,51.38549649737402
1376,-71.44037288073048
1377,-51.372229920498455
1378,-96.28932625428764
1379,-28.815089190736472
1380,-152.79065798470393
1381,-87.09476036863668
1382,79.86933745819749
1383,-125.47687797918448
1384,-10.40012494692894
1385,-106.1176284583306
1386,23.301691385721597
1387,-162.21677415061242
1388,79.98733571417586
1389,-68.99095940254335
1390,-131.85223123187586
1391,-178.78148904582534
1392,-150.990892801227
1393,-49.94126105187772
1394,-102.70718296428765
1395,39.298627730309335
1396,-75.60277191883664
1397,-128.19618950395125
1398,-21.83024236741653
1399,4.046582514828202
1400,-151.7750011889958
1401,-151.6083322575627
1402,-189.41295904428614
1403,12.59926174945042
1404,-8.359632875584879
1405,-62.97406617102874
1406,43.71200861740721
1407,32.59697315668035
1408,-31.00819499865767
1409,50.66991868417776
1410,-140.573642662385
1411,-167.68880587987596
1412,-122.1232871550451
1413,-183.51902464701482
1414,-46.65135726610205
1415,70.39806336555534
1416,-188.64151980900127
1417,-164.74686782530526
1418,-69.45014053457223
1419,69.60971756030614
1420,-108.72573249321213
1421,-53.56131073166111
1422,-187.9979155921518
1423,-157.17331788224493
1424,84.84011649821906
1425,78.62976766108636
1426,-198.57382750423594
1427,74.78806245168909
1428,-15.486073952665066
1429,50.56801162793039
1430,-68.7166036785049
1431,-51.14742654917046
1432,-58.86999227982716
1433,-7.476288846439672
1434,-159.68268275185247
1435,-191.34662460375787
1436,-111.10062586262319
1437,3.441336202069891
1438,-141.7249083721048
1439,-5.580056499096372
1440,80.01360771116896
1441,-172.8908633515949
1442,-5.819768468406039
1443,-71.88931168677033
1444,50.632668838785776
1445,-148.85685578653968
1446,-0.03888759230630967
1447,41.96388412140942
1448,72.71012516215052
1449,-2.746294232779263
1450,-56.46564563076706
1451,-21.62750175390957
1452,50.85286901900594
1453,-35.26496614536987
1454,-191.2272558655232
1455,68.76488839286446
1456,-0.933626977188311
1457,-4.690585526108947
1458,-137.73458350277906
1459,-9.779764743831862
1460,-86.29134608764446
1461,-11.989039528121253
1462,-169.2265921500831
1463,-10.080060561103494
1464,88.53074262999144
1465,-186.08118438095747
1466,82.11018698469428
1467,-82.52567173930726
1468,51.386521112366694
1469,25.874689247623536
1470,-36.30240545314902
1471,13.190286710857947
1472,53.62744254769913
1473,-83.32468913934679
1474,-105.58552625669299
1475,-7.265789587793108
1476,33.22512343844136
1477,20.07171841000897
1478,30.32880042548777
1479,-74.24709701350625
1480,36.10873820972873
1481,-165.29564571450535
1482,-42.80599741870273
1483,-198.3374747141923
1484,-106.29207090779197
1485,-94.20255488262744
1486,-85.62494393240797
1487,0.7813825713631957
1488,-87.8232761632512
1489,-70.46215114887539
1490,-131.42100941658168
1491,-92.24220775660952
1492,-134.38725860912817
1493,-178.86833680805032
1494,-25.78439109079619
1495,-7.086965057166822
1496,-21.153137107024293
1497,-66.18926955477477
1498,-90.35584526225635
1499,49.244424631385925
1500,-50.14108863117386
1501,-61.66019192829668
1502,-192.59713560168203
1503,-101.48175216432867
1504,-90.23752485652307
1505,-84.85986315506483
1506,-32.50423700406918
1507,-45.948944759950194
1508,-24.497799710532547
1509,20.82179760721243
1510,34.70898276733618
1511,7.322132106588924
1512,75.85969102218962
1513,-194.7362533813344
1514,-143.47889553316026
1515,-197.81659799381038
1516,-13.074050023566116
1517,59.261419481861196
1518,-129.7066609784224
1519,67.63487308269373
1520,-182.6008044234038
1521,69.77168093875196
1522,-98.48653019391755
1523,-170.7198068267112
1524,-59.728823122907784
1525,-125.86860489908936
1526,-117.75719320359288
1527,-111.28538712578107
1528,31.833576704289925
1529,-44.344139423854045
1530,-110.12546725366175
1531,-23.79663675813788
1532,6.752699648235961
1533,-121.2934509882288
1534,-80.60837438963102
1535,-164.81148485362326
1536,-147.7021827893378
1537,-3.3612755603094797
1538,-147.6187490202725
1539,-48.385331135319745
1540,4.701655759266316
1541,-169.14463230254745
1542,-36.216962193135544
1543,-125.93032434541628
1544,77.9969888810893
1545,-60.400371791957724
1546,32.69004912008813
1547,-41.14959727948724
1548,-187.4668017648137
1549,-17.209197866005752
1550,74.67014489506187
1551,-26.314667523754196
1552,36.49982371651433
1553,55.27040596868531
1554,-134.1533698383432
1555,-138.78265471849497
1556,-23.609788518718688
1557,-81.33608076680436
1558,42.46795813762216
1559,59.83667572500582
1560,-97.96724779530528
1561,-131.61546962406703
1562,25.3377162509029
1563,-120.66349753725311
1564,37.48875375489894
1565,-77.66676617160218
1566,-7.278344074552479
1567,-172.4189548959313
1568,-19.891812965873385
1569,-69.57467114856195
1570,-30.64613668124062
1571,-151.49429822405793
1572,12.735450165385373
1573,49.08951628673006
1574,-137.42721971379308
1575,-172.36720782132932
1576,-193.1755402084227
1577,-14.6628278220291
1578,-24.731951781168988
1579,-42.168456949448
1580,-133.0368733513179
1581,-87.14543898207792
1582,-28.37468203175186
1583,-56.58340784735782
1584,85.17367968603793
1585,-160.60984343687113
1586,0.6882327535403192
1587,-83.27317164829087
1588,-76.37877117097503
1589,7.17047494551548
1590,-0.09368311265450302
1591,86.17560538182175
1592,-162.93256863459405
1593,-169.9435442227912
1594,9.116616505067554
1595,-33.01969706024971
1596,-120.84981556418406
1597,-177.07162817287957
1598,-175.2704633415105
1599,58.15290551553096
1600,-144.60790335369893
1601,-106.64263001724916
1602,-134.56429667706857
1603,-97.5125665063197
1604,-179.95733659920285
1605,-50.147438364782346
1606,-180.48025289092755
1607,31.062923808315787
1608,-132.527321952458
1609,-44.09856025367779
1610,54.07883257899297
1611,-12.09170355607506
1612,-46.135087022629506
1613,-106.36484547559107
1614,-103.86234770009825
1615,-6.719116034282507
1616,87.00803358455107
1617,-8.927025890484401
1618,-38.96792740527383
1619,10.938802306070329
1620,-65.69513973369058
1621,-182.63690569115332
1622,-37.66490925604745
1623,76.46641963670328
1624,-149.39004054134367
1625,-0.7955880200738079
1626,-141.9904440841304
1627,-45.30654749262143
1628,-172.08950898699206
1629,-69.97791070226197
1630,18.304353052057536
1631,-99.65610095220588
1632,-8.039985140540153
1633,29.64640367999482
1634,67.67623648371796
1635,-132.25883096833059
1636,-84.71749510585275
1637,-155.99749695150848
1638,86.52998707312292
1639,67.62517943974404
1640,-44.11437648800245
1641,43.09501208647282
1642,-49.599431961561436
1643,-19.97081187360328
1644,-174.269776448106
1645,18.04657039742844
1646,-163.1291172745077
1647,38.48572485390494
1648,25.77150891044039
1649,4.614594238397302
1650,-189.5604981425012
1651,-112.48684363858364
1652,-124.03940106673967
1653,-96.02861916297245
1654,-174.6975390092798
1655,70.49972350906779
1656,-40.11729310633697
1657,-111.79513151302861
1658,-85.39143602065438
1659,-70.89262655625396
1660,-26.608415958789806
1661,-51.1233492240211
1662,65.4284626670023
1663,-56.526642485086825
1664,86.43601887949035
1665,45.80638530100913
1666,-139.80301450503714
1667,68.66283846769863
1668,-166.40502093046305
1669,35.99773084140699
1670,-90.11405517331133
1671,53.47118631249157
1672,50.60796643402091
1673,32.67066301395721
1674,28.08178696184862
1675,-112.03913254239563
1676,-176.6386029831035
1677,-83.65962239049789
1678,-149.90347252339495
1679,0.6323793661406967
1680,-100.08100894854132
1681,81.65866498825744
1682,-14.951361270402657
1683,37.450138721239995
1684,-161.74012697942837
1685,48.86358103210611
1686,66.40000090121691
1687,-59.3852240369732
1688,-24.974776871292818
1689,20.800589520694786
1690,-149.5240883099189
1691,-54.909173725004166
1692,-84.90598388213321
1693,-157.7418284627587
1694,-93.89281228443488
1695,-180.318654280408
1696,-192.5481024636831
1697,-160.97749232100267
1698,78.0513327157945
1699,-41.350822987108614
1700,78.83285792493461
1701,-75.1378625260909
1702,-109.97868237828557
1703,-53.87684419802153
1704,-73.11297549167885
1705,-169.49460565363452
1706,-14.993442948937457
1707,-137.6297767094786
1708,-21.124957420996594
1709,-12.286944624653131
1710,-156.1104249017593
1711,-182.2883626531501
1712,25.405869897958553
1713,-67.25561765779727
1714,-183.20811223756914
1715,87.21790576691177
1716,-183.31875204034895
1717,0.6566705714643035
1718,83.9881057235475
1719,-130.94870391286227
1720,-158.93260726000648
1721,-164.95616798874477
1722,-112.44446489723516
1723,-170.8280743612263
1724,-0.17302065290411406
1725,-182.0163578798509
1726,-52.92983160315572
1727,87.74638170735437
1728,34.99321680638761
1729,-22.38614818270716
1730,-111.58457967890521
1731,-19.881272062603983
1732,-47.84312936870617
1733,-76.98972707084975
1734,-162.2639142351044
1735,55.96263693992273
1736,-70.1471718852842
1737,-143.81248083734513
1738,-93.82787540172649
1739,-80.44074044489876
1740,38.91019045015659
1741,11.794471668076767
1742,22.098322794254784
1743,-196.81527395944954
1744,-79.85634072550286
1745,-61.03594342288207
1746,-194.45918968118355
1747,-124.99192663530863
1748,19.495671935360377
1749,-160.41642795603798
1750,-45.4559650496368
1751,-137.87121954862354
1752,-196.500732360308
1753,-130.36513919101236
1754,81.73475304253253
1755,31.403764200619094
1756,77.02977721548234
1757,-59.156537518459174
1758,-168.31915944180474
1759,-41.804095533294856
1760,-68.8212635125393
1761,43.76588978692712
1762,-171.6835589275886
1763,-59.04478374181264
1764,-156.68095050284674
1765,-106.26605990683969
1766,12.87498824185775
1767,-62.57356605123712
1768,-91.4810520784164
1769,-86.11469837683082
1770,-67.35771796119167
1771,26.63427620575831
1772,57.54484969704566
1773,75.8051239936841
1774,27.1790076119037
1775,-108.94202919754873
1776,-1.3355103528152767
1777,-73.66397808520836
1778,-126.47659141530502
1779,42.75962498026385
1780,-188.90631305457677
1781,60.33868712949675
1782,-66.77145596283924
1783,-16.03993364544945
1784,-9.644522659190528
1785,58.42049174197706
1786,-16.193462758327257
1787,-22.757374079770187
1788,-180.7575558901288
1789,-50.335604064419584
1790,-156.6462094641201
1791,12.89712902989288
1792,-52.1215314613809
1793,-3.618240142548416
1794,-187.96903359609166
1795,-175.5205449675766
1796,6.8025621336963695
1797,-179.189252197183
1798,-179.42818269416983
1799,-196.504283199688
1800,76.1419536890599
1801,12.9186633758153
1802,-98.01631836545408
1803,-114.39017768225393
1804,-99.04067757237324
1805,23.64247445200718
1806,-9.062304583971382
1807,-146.534039556662
1808,-149.73463488904986
1809,-171.5931759277422
1810,-9.370604822223697
1811,20.674387583415154
1812,-123.48109614257135
1813,-193.95318975037546
1814,-176.27703959955542
1815,79.4211920597603
1816,-114.70509274226877
1817,22.074722780869166
1818,-19.659627671774047
1819,-89.73402603220896
1820,-140.61808740414324
1821,-164.95574107737937
1822,-22.44575612717921
1823,23.636772470129387
1824,-14.104842002675582
1825,-46.90177413096799
1826,-187.8886817952866
1827,79.60271009149858
1828,30.588787130675684
1829,-115.46227800443148
1830,82.9174340859002
1831,-26.236785071993808
1832,-31.854578575567956
1833,15.9687269013059
1834,34.3579378216227
1835,-10.474626063395192
1836,-163.01875802407807
1837,-102.34217101938832
1838,67.93774696213057
1839,-135.15347286067995
1840,-92.5553802181099
1841,-75.25940389401062
1842,-73.14377947521166
1843,-23.044342533830502
1844,72.26599435689707
1845,-130.51201409395583
1846,-164.92255266192495
1847,-142.9902695774361
1848,56.0552186904161
1849,-13.554418386442023
1850,-117.45870994665448
1851,35.5638812802398
1852,48.677517950123985
1853,44.38868957988325
1854,65.29409026173937
1855,-127.17801747595051
1856,17.98060482905052
1857,-67.04224713695578
1858,43.08498221936077
1859,10.315258496557732
1860,24.1603778044705
1861,-10.566077461474663
1862,-148.77631425409564
1863,-42.6507285144539
1864,84.27415380072551
1865,70.62393479771822
1866,-187.53574247540274
1867,-152.4179626989115
1868,-161.96990310366797
1869,9.590400012754799
1870,36.09462472970003
1871,-138.35926854610904
